pre_release_speed,pre_release_spin_rate,pre_release_extension,pre_zone_pct,pre_fb_zone_pct,pre_fastball_pct,pre_pitch_type_count,pre_pitch_count,Player,mlbamid,surgery_date,surgery_year,age_at_surgery,successful_return,return_date,post_release_speed,post_release_spin_rate,post_release_extension,post_zone_pct,post_fb_zone_pct,post_fastball_pct,post_pitch_type_count,post_pitch_count,velocity_change,spin_rate_change,zone_pct_change,fb_zone_pct_change,fastball_pct_change,extension_change,pitch_type_count_change
93.11402439024391,2400.4695121951218,5.697560975609757,0.4567627494456763,0.42073170731707316,0.36363636363636365,4,451,Evan Marshall,605359,2021-11-23,2021,31,0,,,,,,,,,,,,,,,,
93.15421686746988,2441.878787878788,7.154216867469879,0.5481927710843374,0.5783132530120482,0.5,3,332,Richard Lovelady,663992,2021-09-29,2021,25,1,2023-04-16,90.90288461538461,2302.0098039215686,7.4,0.535175879396985,0.4855769230769231,0.5226130653266332,4.0,398.0,-2.2513322520852768,-139.86898395721937,-0.013016891687352428,-0.0927363299351251,0.022613065326633208,0.2457831325301214,1.0
94.57172061328791,2283.221465076661,6.5327086882453145,0.5232758620689655,0.5775127768313458,0.5060344827586207,4,1160,John Curtiss,595928,2021-09-01,2021,28,1,2023-03-31,93.46627450980391,2258.589641434263,6.474509803921569,0.47391304347826085,0.5372549019607843,0.5543478260869565,4.0,460.0,-1.1054461034839989,-24.631823642398103,-0.04936281859070463,-0.04025787487056154,0.04831334332833581,-0.05819888432374576,0.0
90.60871261378412,2255.8829648894666,5.955786736020806,0.4458266452648475,0.5383615084525357,0.30858747993579455,9,2492,Kenta Maeda,628317,2021-09-01,2021,33,1,2023-04-04,90.63356353591162,2249.6077348066297,6.101933701657459,0.4746629474662947,0.574585635359116,0.3365876336587634,7.0,2151.0,0.02485092212749862,-6.27523008283697,0.028836302201447228,0.03622412690658028,0.028000153722968824,0.1461469656366532,-2.0
96.37492163009404,2654.4294670846393,6.452351097178682,0.5244988864142539,0.5203761755485894,0.35523385300668153,4,898,Tejay Antone,622088,2021-08-27,2021,27,1,2023-09-02,93.42816901408452,2460.4225352112676,6.422535211267606,0.432258064516129,0.4647887323943662,0.45806451612903226,4.0,155.0,-2.946752616009519,-194.00693187337174,-0.09224082189812488,-0.055587443154223204,0.10283066312235073,-0.0298158859110762,0.0
97.09458598726114,2402.8947704081634,7.499422706863375,0.5120396600566572,0.6133757961783439,0.5559490084985835,5,2824,Tyler Glasnow,607192,2021-08-04,2021,27,1,2022-09-28,96.46702702702703,2488.88,7.50227027027027,0.5084500241429262,0.6237837837837837,0.4466441332689522,4.0,2071.0,-0.6275589602341114,85.98522959183674,-0.0035896359137310707,0.010407987605439817,-0.10930487522963134,0.0028475634068954037,-1.0
93.89395604395607,2613.5384615384614,6.44065934065934,0.44280442804428044,0.46703296703296704,0.33579335793357934,4,542,Jimmy Nelson,519076,2021-08-01,2021,32,0,,,,,,,,,,,,,,,,
94.17049608355092,2413.1092657342656,6.30774586597041,0.48725055432372505,0.5395996518711923,0.6369179600886918,6,1804,Spencer Turnbull,605513,2021-07-29,2021,28,1,2023-04-01,93.01822784810126,2401.9316455696203,6.368607594936708,0.4911242603550296,0.5974683544303797,0.584319526627219,6.0,676.0,-1.1522682354496538,-11.177620164645305,0.003873706031304547,0.05786870255918741,-0.05259843346147286,0.060861728966298045,0.0
97.30798122065727,2336.225352112676,5.653051643192488,0.5158371040723982,0.5305164319248826,0.4819004524886878,2,442,Dan Altavilla,656186,2021-06-29,2021,28,1,2024-06-10,95.8231884057971,2298.927536231884,5.902898550724637,0.47651006711409394,0.5579710144927537,0.46308724832214765,4.0,298.0,-1.484792814860171,-37.29781588079186,-0.03932703695830431,0.027454582567871033,-0.018813204166540143,0.24984690753214878,2.0
90.81623794212219,2188.9254457050242,6.543890675241157,0.5,0.5466237942122186,0.6334012219959266,5,982,Joey Lucchesi,664192,2021-06-24,2021,28,1,2023-04-21,90.10873786407767,2180.5553359683795,6.424708171206225,0.45689655172413796,0.5009708737864078,0.7399425287356322,5.0,696.0,-0.707500078044518,-8.370109736644736,-0.043103448275862044,-0.04565292042581082,0.10654130673970552,-0.11918250403493236,0.0
91.82857142857142,2268.378151260504,6.070588235294117,0.4262295081967213,0.5210084033613446,0.3901639344262295,5,305,Chris Devenski,606965,2021-06-01,2021,30,1,2022-07-29,94.21561338289963,2218.558052434457,6.199256505576208,0.48148148148148145,0.516728624535316,0.34355044699872284,5.0,783.0,2.387041954328211,-49.82009882604734,0.05525197328476017,-0.004279778826028591,-0.04661348742750665,0.12866827028209027,0.0
94.76574394463668,2166.2179930795846,5.496193771626298,0.5091277890466531,0.5363321799307958,0.5862068965517241,6,493,JoJo Romero,668941,2021-05-25,2021,24,1,2022-07-16,94.9444827586207,2167.1072664359863,5.48551724137931,0.44639718804920914,0.5275862068965518,0.5096660808435852,5.0,569.0,0.1787388139840118,0.8892733564016453,-0.06273060099744399,-0.00874597303424407,-0.07654081570813887,-0.010676530246987781,-1.0
95.00518518518518,2316.5481481481484,6.374074074074074,0.5348837209302325,0.5777777777777777,0.5232558139534884,3,258,Keone Kela,605309,2021-05-19,2021,28,0,,,,,,,,,,,,,,,,
98.03787709497206,2386.7729306487695,6.521117318435754,0.5358056265984654,0.5854748603351956,0.5722506393861893,6,1564,Dustin May,669160,2021-05-12,2021,23,1,2022-08-20,97.16652236652236,2345.6483357452967,6.548255813953488,0.5202646815550042,0.5685425685425686,0.5732009925558312,6.0,1209.0,-0.8713547284497025,-41.124594903472826,-0.015540945043461263,-0.016932291792627008,0.000950353169641982,0.027138495517734285,0.0
91.92509652509652,2046.7233201581028,6.084942084942085,0.5634095634095634,0.6293436293436293,0.5384615384615384,3,481,Ljay Newsome,664714,2021-05-01,2021,24,0,,,,,,,,,,,,,,,,
90.40839694656489,2107.8473282442746,5.89618320610687,0.3664772727272727,0.3893129770992366,0.3721590909090909,4,352,Luis Avilan,501593,2021-04-28,2021,31,0,,,,,,,,,,,,,,,,
96.54243542435424,2380.725925925926,6.237638376383765,0.48,0.5092250922509225,0.542,7,500,Adrian Morejon,670970,2021-04-20,2021,22,1,2022-06-07,96.78497536945812,2495.229064039409,6.490394088669951,0.5266781411359724,0.5812807881773399,0.6987951807228916,5.0,581.0,0.24253994510388566,114.50313811348315,0.04667814113597246,0.07205569592641736,0.15679518072289156,0.2527557122861861,-2.0
92.248623853211,2229.380733944954,6.477981651376147,0.48157894736842105,0.5596330275229358,0.5736842105263158,5,380,James Paxton,572020,2021-04-14,2021,32,1,2023-05-12,94.65404075895994,2176.7624736472244,6.731623330990863,0.49834162520729686,0.5825720309205903,0.5899668325041459,5.0,2412.0,2.405416905748936,-52.61826029772965,0.016762677838875806,0.022939003397654534,0.016282621977830147,0.2536416796147165,0.0
97.73991769547324,2224.384297520661,6.19424778761062,0.44921875,0.5349794238683128,0.474609375,4,512,Jonathan Hernandez,642546,2021-04-12,2021,24,1,2022-07-16,97.7809638554217,2207.455421686747,6.306265060240965,0.43293347873500543,0.5108433734939759,0.4525627044711014,3.0,917.0,0.04104615994846483,-16.92887583391439,-0.016285271264994572,-0.02413605037433686,-0.022046670528898582,0.11201727263034478,-1.0
94.97439024390245,2394.8414634146343,5.817073170731708,0.42142857142857143,0.5,0.5857142857142857,4,140,Michel Baez,673258,2021-03-30,2021,25,1,2022-07-30,,,,,,,,,,,,,,,
94.46774193548389,2660.6774193548385,5.4,0.39655172413793105,0.45161290322580644,0.5344827586206896,4,58,Jose Leclerc,600917,2021-03-30,2021,27,1,2022-06-18,95.78940677966104,2600.9529914529912,5.442796610169491,0.3890728476821192,0.4385593220338983,0.39072847682119205,5.0,1208.0,1.3216648441771497,-59.72442790184732,-0.007478876455811856,-0.013053581191908137,-0.14375428179949756,0.04279661016949099,1.0
95.7761904761905,2337.4903846153848,5.965714285714285,0.4838709677419355,0.6,0.5645161290322581,5,186,Rico Garcia,670329,2021-03-27,2021,27,1,2022-06-13,95.6056338028169,2380.4647887323945,5.953900709219858,0.4646017699115044,0.5140845070422535,0.6283185840707964,4.0,226.0,-0.17055667337359637,42.974404117009726,-0.019269197830431073,-0.08591549295774648,0.06380245503853832,-0.01181357649442738,-1.0
93.26741573033706,2292.340909090909,5.985227272727273,0.5071428571428571,0.6067415730337079,0.6357142857142857,3,140,Kirby Yates,489446,2021-03-24,2021,34,1,2022-08-10,93.45286624203823,2309.212314225053,6.0864118895966035,0.44988864142538976,0.5605095541401274,0.5244988864142539,5.0,898.0,0.18545051170116267,16.87140513414397,-0.05725421571746736,-0.04623201889358053,-0.11121539930003177,0.10118461686933067,2.0
97.84328358208954,2090.283582089552,6.7567164179104475,0.5263157894736842,0.6119402985074627,0.5877192982456141,4,114,Blake Cederlind,664977,2021-03-23,2021,25,0,,,,,,,,,,,,,,,,
96.7910447761194,2082.7927927927926,7.05044776119403,0.48254620123203285,0.49850746268656715,0.6878850102669405,6,487,Jimmy Cordero,622772,2021-03-18,2021,29,1,2023-04-01,97.28950276243094,2169.6022099447514,7.223756906077348,0.494140625,0.5276243093922652,0.70703125,4.0,512.0,0.4984579863115357,86.80941715195877,0.011594423767967155,0.029116846705698085,0.01914623973305951,0.1733091448833184,-2.0
92.0921568627451,2408.529411764706,5.780392156862745,0.5154639175257731,0.5098039215686274,0.5257731958762887,4,97,Brandon Bailey,669064,2021-02-26,2021,26,0,,,,,,,,,,,,,,,,
91.28095238095237,1779.8333333333333,6.459523809523811,0.36904761904761907,0.40476190476190477,0.5,5,84,Ariel Jurado,642558,2021-01-01,2021,25,0,,,,,,,,,,,,,,,,
95.0043624161074,2352.1140939597317,6.834228187919463,0.49525101763907736,0.6006711409395973,0.4043419267299864,6,737,Mike Clevinger,605182,2020-11-17,2020,29,1,2022-05-04,93.62223042836041,2279.92023633678,6.816912850812408,0.49724842767295596,0.5413589364844904,0.5322327044025157,7.0,2544.0,-1.3821319877469875,-72.19385762295178,0.0019974100338785994,-0.059312204455106876,0.12789077767252927,-0.01731533710705424,1.0
91.81923076923077,2193.862068965517,6.43793103448276,0.37748344370860926,0.4358974358974359,0.5165562913907285,5,151,Ricardo Sanchez,645307,2020-10-16,2020,23,0,,,,,,,,,,,,,,,,
98.03428571428572,2595.5142857142855,6.159999999999999,0.42857142857142855,0.3142857142857143,0.5555555555555556,2,63,Nick Burdi,595897,2020-10-14,2020,27,1,2023-05-16,97.63186813186815,2424.5604395604396,6.2576923076923086,0.44755244755244755,0.47802197802197804,0.6363636363636364,3.0,286.0,-0.40241758241757,-170.95384615384592,0.018981018981019004,0.16373626373626377,0.08080808080808077,0.0976923076923093,1.0
91.74578313253012,2358.289156626506,6.339759036144578,0.45977011494252873,0.5783132530120482,0.47701149425287354,5,174,Chance Adams,664856,2020-10-01,2020,25,0,,,,,,,,,,,,,,,,
93.76899224806202,1936.108527131783,6.007751937984496,0.5017064846416383,0.5503875968992248,0.4402730375426621,4,293,Luis Perdomo,606131,2020-10-01,2020,27,1,2022-05-07,93.765625,1986.03125,6.233125,0.4631578947368421,0.53125,0.5614035087719298,3.0,285.0,-0.003367248062019712,49.92272286821708,-0.03854858990479615,-0.019137596899224785,0.12113047122926768,0.2253730620155041,-1.0
94.83709198813055,2551.362017804154,5.989020771513353,0.49402985074626865,0.49258160237388726,0.5029850746268657,4,670,Justin Verlander,434378,2020-09-30,2020,37,1,2022-04-09,94.94298780487804,2420.297160883281,6.065892420537897,0.5065136476426799,0.5182926829268293,0.5086848635235732,5.0,3224.0,0.10589581674749127,-131.06485692087335,0.01248379689641127,0.025711080552942023,0.005699788896707525,0.07687164902454402,1.0
93.04166666666667,2134.2687224669603,6.541758241758242,0.46780551905387646,0.543859649122807,0.5992115637319316,6,761,Dakota Hudson,641712,2020-09-28,2020,25,1,2021-09-24,91.7628996282528,2087.8906605922552,6.380121396054628,0.48191268191268194,0.533085501858736,0.5592515592515592,5.0,2405.0,-1.278767038413875,-46.378061874705054,0.014107162858805478,-0.010774147264070999,-0.0399600044803724,-0.16163684570361347,-1.0
95.37406015037594,2268.4774436090224,6.195488721804511,0.5568862275449101,0.5939849624060151,0.7964071856287425,4,334,Caleb Ferguson,657571,2020-09-22,2020,23,1,2022-05-16,95.09929701230229,2304.1531690140846,6.151669595782074,0.5281285878300803,0.5746924428822495,0.653272101033295,4.0,871.0,-0.27476313807365216,35.67572540506217,-0.028757639714829808,-0.01929251952376554,-0.14313508459544744,-0.04381912602243698,0.0
93.04818181818182,2559.7,6.331818181818184,0.453551912568306,0.5181818181818182,0.6010928961748634,3,183,Tyler Thornburg,592804,2020-09-18,2020,31,1,2022-04-07,93.54,2405.2344497607655,6.307177033492822,0.43370165745856354,0.4857142857142857,0.580110497237569,4.0,362.0,0.49181818181818926,-154.4655502392343,-0.019850255109742476,-0.03246753246753248,-0.020982398937294366,-0.024641148325361684,1.0
93.14134615384616,2043.6586538461538,6.515865384615386,0.4934782608695652,0.5432692307692307,0.45217391304347826,4,460,Jalen Beeks,656222,2020-09-02,2020,26,1,2022-04-10,94.90183486238531,2107.240295748614,6.672477064220184,0.46019247594050744,0.5137614678899083,0.4768153980752406,5.0,1143.0,1.7604887085391567,63.58164190245998,-0.03328578492905776,-0.02950776287932244,0.024641485031762334,0.15661167960479805,1.0
92.75000000000001,2089.34,6.586,0.4485981308411215,0.38,0.2336448598130841,6,214,Matt Bowman,621199,2020-09-01,2020,29,1,2023-09-12,92.34454148471616,2065.008733624454,6.8096069868995635,0.4716636197440585,0.5633187772925764,0.4186471663619744,5.0,547.0,-0.4054585152838541,-24.331266375545965,0.023065488902937026,0.1833187772925764,0.1850023065488903,0.22360698689956315,-1.0
93.33416149068323,2217.1304347826085,6.184472049689441,0.44525547445255476,0.4968944099378882,0.5875912408759124,4,274,Yonny Chirinos,630023,2020-08-25,2020,26,1,2022-09-07,92.5394506866417,2044.4943538268508,6.298501872659177,0.5071384233395406,0.5605493133583022,0.4972067039106145,4.0,1611.0,-0.7947108040415287,-172.63608095575773,0.06188294888698587,0.06365490342041397,-0.09038453696529791,0.1140298229697354,0.0
93.77073170731708,2095.5853658536585,5.857317073170731,0.45,0.4634146341463415,0.6833333333333333,4,120,Sam Freeman,518693,2020-08-19,2020,23,0,,,,,,,,,,,,,,,,
96.70689655172414,2284.462068965517,6.679310344827586,0.5117924528301887,0.5655172413793104,0.3419811320754717,3,424,Tommy Kahnle,592454,2020-08-04,2020,30,1,2022-05-01,95.74347826086957,2142.6739130434785,6.6000000000000005,0.5221674876847291,0.45652173913043476,0.22660098522167488,4.0,203.0,-0.9634182908545768,-141.78815592203864,0.010375034854540388,-0.10899550224887561,-0.11538014685379683,-0.07931034482758559,1.0
93.00681818181818,2303.672727272727,6.966818181818181,0.4893203883495146,0.5295454545454545,0.8543689320388349,3,515,Colin Poche,621363,2020-07-29,2020,26,1,2022-04-22,93.03837342497137,2229.9369988545245,7.207331042382589,0.4739583333333333,0.5063001145475372,0.7578125,3.0,1152.0,0.03155524315319269,-73.7357284182026,-0.015362055016181264,-0.023245339997917336,-0.0965564320388349,0.24051286056440802,0.0
94.11274509803923,2260.0392156862745,6.542156862745099,0.3493975903614458,0.4411764705882353,0.40963855421686746,3,249,Justin Anderson,605121,2020-07-22,2020,27,1,2024-04-12,95.41057884231537,2156.63872255489,6.772654690618762,0.4404096834264432,0.4491017964071856,0.4664804469273743,4.0,1074.0,1.2978337442761472,-103.40049313138434,0.09101209306499741,0.007925325818950335,0.056841892710506825,0.23049782787366357,1.0
92.64667863554757,2269.8992805755397,5.6874100719424465,0.46586715867158673,0.526032315978456,0.5138376383763837,5,1084,Peter Lambert,663567,2020-07-21,2020,23,1,2021-09-24,93.59361702127661,2178.553191489362,5.9914893617021265,0.4715447154471545,0.574468085106383,0.3821138211382114,4.0,123.0,0.946938385729041,-91.34608908617793,0.005677556775567749,0.04843576912792702,-0.13172381723817234,0.30407928975968,-1.0
95.44375000000001,2108.409722222222,6.847916666666666,0.47330960854092524,0.5555555555555556,0.5124555160142349,2,281,Trey Wingenter,622259,2020-07-17,2020,26,1,2023-04-01,95.92239583333333,2028.4427083333333,7.097916666666666,0.4144385026737968,0.5260416666666666,0.5133689839572193,3.0,374.0,0.4786458333333172,-79.96701388888891,-0.05887110586712846,-0.02951388888888895,0.0009134679429844139,0.25,1.0
90.31472868217053,2151.4147286821703,4.963953488372093,0.4879120879120879,0.5968992248062015,0.567032967032967,4,455,Ty Blach,621389,2020-07-15,2020,29,1,2022-04-10,91.08906605922552,2181.981776765376,5.281776765375854,0.5337349397590362,0.6195899772209568,0.5289156626506024,5.0,830.0,0.7743373770549908,30.567048083205464,0.04582285184694829,0.022690752414755266,-0.0381173043823646,0.317823277003761,1.0
93.34210526315789,2395.6629464285716,6.629464285714286,0.5143540669856459,0.543859649122807,0.5454545454545454,3,836,John Brebbia,605154,2020-06-08,2020,30,1,2021-06-20,93.70732984293193,2284.1170212765956,6.716753926701571,0.5287356321839081,0.5366492146596858,0.4878671775223499,3.0,783.0,0.36522457977403633,-111.54592515197601,0.01438156519826217,-0.007210434463121196,-0.05758736793219549,0.08728964098728564,0.0
93.1721920289855,2366.1766304347825,6.032518115942029,0.4985349518627041,0.5217391304347826,0.46211804102134785,4,2389,Chris Sale,519242,2020-03-30,2020,31,1,2021-08-14,93.86189555125725,2290.168932038835,6.392441860465116,0.4891732283464567,0.5029013539651838,0.5088582677165354,4.0,1016.0,0.689703522271742,-76.0076983959475,-0.009361723516247367,-0.018837776469598833,0.04674022669518757,0.35992374452308695,0.0
97.64090909090909,2151.2990142387735,6.453723986856517,0.5058177117000646,0.5334063526834611,0.590174531351002,6,3094,Noah Syndergaard,592789,2020-03-26,2020,27,1,2021-09-28,93.85005257623556,2130.3080967402734,6.689800210304942,0.5191364082433758,0.6025236593059937,0.46663395485770365,8.0,2038.0,-3.7908565146735356,-20.99091749850004,0.013318696543311193,0.06911730662253257,-0.1235405764932983,0.23607622344842571,2.0
88.22758620689655,2229.5655172413794,6.084827586206897,0.4629898403483309,0.5517241379310345,0.2104499274310595,5,689,Blaine Hardy,543278,2020-03-20,2020,33,1,2021-08-03,,,,,,,,,,,,,,,
99.90896057347669,2271.3405017921145,6.4645161290322575,0.4807692307692308,0.5232974910394266,0.6706730769230769,4,416,Andres Munoz,662253,2020-03-20,2020,21,1,2021-10-03,100.14824797843666,2290.2547425474254,6.367924528301887,0.47030185004868547,0.4797843665768194,0.3612463485881207,3.0,1027.0,0.23928740495996692,18.914240755310857,-0.010467380720545316,-0.04351312446260719,-0.30942672833495616,-0.09659160073037043,-1.0
94.23884007029876,2319.634446397188,6.115026362038664,0.4600197433366239,0.554481546572935,0.5616979269496545,5,2026,Tyler Beede,595881,2020-03-20,2020,27,1,2021-07-10,95.86826923076923,2087.2083333333335,6.533653846153847,0.4652317880794702,0.5801282051282052,0.5165562913907285,5.0,604.0,1.6294291604704654,-232.4261130638547,0.005212044742846311,0.025646658555270152,-0.04514163555892603,0.41862748411518247,0.0
96.1457399103139,2311.695067264574,6.039013452914799,0.49624060150375937,0.5515695067264574,0.5588972431077694,3,399,Luis Severino,622663,2020-02-27,2020,26,1,2021-09-21,96.06973365617434,2245.8333333333335,6.205434782608696,0.49855907780979825,0.5826296743063932,0.47780979827089337,6.0,1735.0,-0.07600625413957118,-65.86173393124045,0.0023184763060388747,0.031060167579935793,-0.08108744483687608,0.16642132969389767,3.0
96.00049261083745,2259.551724137931,6.114285714285713,0.5148741418764302,0.42857142857142855,0.4645308924485126,5,437,Connor Sadzeck,592712,2019-10-03,2019,27,1,2022-07-17,,,,,,,,,,,,,,,
94.10604575163399,2133.9934640522874,6.416666666666667,0.3731958762886598,0.4166666666666667,0.6309278350515464,3,970,Tim Mayza,641835,2019-09-18,2019,27,1,2021-04-03,93.9342064714946,2057.0403877221324,6.236876006441223,0.48645720476706394,0.5423728813559322,0.7031419284940412,3.0,923.0,-0.17183928013938043,-76.953076330155,0.11326132847840414,0.12570621468926552,0.07221409344249485,-0.17979066022544377,0.0
91.54525862068965,2158.5387931034484,6.205172413793103,0.3889655172413793,0.4267241379310345,0.32,6,725,Adam Warren,476589,2019-09-01,2019,31,0,,,,,,,,,,,,,,,,
90.26510638297871,2279.863829787234,6.017446808510638,0.47954545454545455,0.5361702127659574,0.5340909090909091,5,440,Chasen Bradford,607473,2019-08-15,2019,29,0,,,,,,,,,,,,,,,,
94.98780821917806,2309.567123287671,6.277808219178081,0.5090403337969402,0.5178082191780822,0.5076495132127955,5,1438,Jameson Taillon,592791,2019-08-13,2019,27,1,2021-04-07,93.89467849223946,2402.589800443459,6.707760532150776,0.5053061224489795,0.5402808573540281,0.5522448979591836,7.0,2450.0,-1.0931297269385993,93.02267715578773,-0.003734211347960703,0.022472638175945914,0.044595384746388134,0.429952312972695,2.0
89.42741312741312,2137.19305019305,5.926640926640927,0.4863157894736842,0.5212355212355212,0.5452631578947369,5,475,Josh Rogers,642028,2019-07-03,2019,24,1,2021-09-04,90.39686924493554,2089.6243093922653,6.17145488029466,0.49504950495049505,0.5561694290976059,0.5376237623762377,6.0,1010.0,0.9694561175224266,-47.56874080078478,0.008733715476810844,0.03493390786208472,-0.007639395518499237,0.24481395365373348,1.0
101.03781407035177,2047.7085427135678,6.33680904522613,0.47069431920649235,0.5201005025125628,0.7177637511271415,5,1109,Jordan Hicks,663855,2019-06-26,2019,22,1,2021-04-03,99.30337078651685,2022.1091954022988,6.48876404494382,0.4596774193548387,0.4943820224719101,0.717741935483871,5.0,248.0,-1.7344432838349206,-25.599347311268957,-0.011016899851653661,-0.02571848004065269,-2.181564327052854e-05,0.1519549997176899,0.0
94.95669781931464,2064.0093457943926,7.14797507788162,0.5372848948374761,0.5109034267912772,0.6137667304015296,4,523,Ryan Burr,621114,2019-06-25,2019,25,1,2021-05-31,94.6076923076923,2004.212201591512,6.759151193633952,0.49056603773584906,0.5039787798408488,0.5080862533692723,4.0,742.0,-0.3490055116223374,-59.797144202880645,-0.04671885710162704,-0.006924646950428381,-0.10568047703225736,-0.38882388424766834,0.0
92.5938053097345,2216.7520556609743,5.6615676359039195,0.48074127906976744,0.5442477876106194,0.5748546511627907,4,2752,Carlos Rodon,607074,2019-05-15,2019,26,1,2020-07-28,95.63594040968344,2289.4851024208565,6.167132216014897,0.5031847133757962,0.5791433891992551,0.5700636942675159,4.0,1884.0,3.0421350999489363,72.7330467598822,0.022443434306028742,0.034895601588635694,-0.004790956895274756,0.5055645801109776,0.0
96.85849546044099,2476.1686121919583,6.284954604409858,0.5250227479526842,0.5265888456549935,0.7015468607825296,2,1099,Corey Knebel,608349,2019-04-03,2019,27,1,2020-07-24,94.64347826086957,2397.2620087336245,6.386403508771929,0.49865951742627346,0.508695652173913,0.6166219839142091,4.0,373.0,-2.2150171995714203,-78.90660345833385,-0.026363230526410764,-0.017893193481080538,-0.08492487686832051,0.10144890436207099,2.0
95.7864367816092,2176.4302147239264,6.42176245210728,0.5062878435025617,0.5226053639846743,0.607824871914299,6,2147,Michael Fulmer,605242,2019-03-27,2019,26,1,2020-07-27,94.24184210526316,2142.4221635883905,6.633947368421052,0.45747599451303156,0.5276315789473685,0.5212620027434842,5.0,1458.0,-1.544594676346037,-34.00805113553588,-0.04881184898953017,0.0050262149626941754,-0.0865628691708148,0.21218491631377212,-1.0
93.39574468085105,2335.066869300912,5.821580547112462,0.5121527777777778,0.601823708206687,0.5711805555555556,4,576,Silvino Bracho,611093,2019-03-13,2019,26,1,2020-09-26,,,,,,,,,,,,,,,
96.26976744186045,2335.7408637873755,5.824916943521595,0.542528735632184,0.6013289036544851,0.6919540229885057,4,435,Drew Smith,622098,2019-03-12,2019,25,1,2020-07-25,95.03661538461537,2447.1015384615384,5.934769230769231,0.49836065573770494,0.5353846153846153,0.5327868852459017,6.0,610.0,-1.2331520572450785,111.36067467416296,-0.04416807989447902,-0.06594428826986976,-0.15916713774260405,0.10985228724763552,2.0
91.27851239669423,1923.293388429752,6.461570247933884,0.4594017094017094,0.5371900826446281,0.5170940170940171,6,468,Mark Leiter Jr.,643410,2019-03-12,2019,28,1,2022-04-16,90.9735883424408,1935.492700729927,6.661930783242259,0.43532338308457713,0.5227686703096539,0.4552238805970149,6.0,1206.0,-0.3049240542534193,12.199312300175052,-0.024078326317132248,-0.014421412334974182,-0.06187013649700224,0.20036053530837528,0.0
94.23487241798297,2263.744835965978,5.929404617253948,0.4719501335707925,0.5382746051032807,0.3664292074799644,4,2246,Lance McCullers Jr.,621121,2018-11-06,2018,24,1,2020-07-25,93.77452923686819,2098.0089285714284,6.094345238095238,0.4684014869888476,0.5530227948463825,0.37509293680297395,6.0,2690.0,-0.46034318111478,-165.73590739454949,-0.0035486465819449253,0.01474818974310177,0.008663729323009572,0.16494062084129002,2.0
94.64775280898877,2309.49063670412,5.655992509363296,0.5263724434876211,0.5730337078651685,0.5748116254036598,4,929,Edgar Santana,650828,2018-10-04,2018,26,1,2021-04-30,94.27222222222223,2200.2929292929293,5.525505050505052,0.521311475409836,0.5681818181818182,0.6491803278688525,3.0,610.0,-0.37553058676654416,-109.19770741119055,-0.005060968077785111,-0.004851889683350263,0.07436870246519267,-0.1304874588582443,-1.0
91.0772151898734,2364.1645569620255,6.041772151898734,0.5298013245033113,0.5443037974683544,0.5231788079470199,3,151,Jerry Vasto,657786,2018-10-03,2018,27,0,,,,,,,,,,,,,,,,
96.67164556962027,2164.39746835443,6.586582278481012,0.49765258215962443,0.5620253164556962,0.4636150234741784,4,852,Shohei Ohtani,660271,2018-10-01,2018,23,1,2020-07-26,95.41002824858758,2279.2937853107346,6.821923620933522,0.49749463135289906,0.5254237288135594,0.5068002863278454,6.0,1397.0,-1.2616173210326878,114.89631695630442,-0.00015795080672537098,-0.036601587642136835,0.04318526285366697,0.23534134245250993,2.0
95.32160633484162,2182.141402714932,6.232466063348416,0.49503639973527463,0.503393665158371,0.585043017868961,5,1511,Chad Kuhl,641771,2018-09-19,2018,25,1,2020-07-27,94.03668280871669,2053.100122100122,6.721065375302664,0.45490782262082713,0.43341404358353514,0.4115595416043846,5.0,2007.0,-1.2849235261249277,-129.04128061481015,-0.040128577114447506,-0.06997962157483589,-0.17348347626457633,0.488599311954248,0.0
95.3875,2559.08125,6.393125,0.53515625,0.6125,0.625,4,256,Michael Kopech,656629,2018-09-18,2018,22,1,2021-04-02,97.32299741602067,2588.8576972833116,6.622480620155038,0.5312760633861552,0.5813953488372093,0.6455379482902419,4.0,1199.0,1.9354974160206666,29.776447283311427,-0.003880186613844816,-0.03110465116279071,0.020537948290241914,0.22935562015503752,0.0
92.30977777777777,2106.1222222222223,6.038222222222222,0.5200945626477541,0.5333333333333333,0.5319148936170213,5,846,Artie Lewicki,592499,2018-08-31,2018,26,1,2020-09-03,,,,,,,,,,,,,,,
90.15589887640449,2182.494382022472,5.476404494382022,0.4699792960662526,0.4803370786516854,0.4913733609385783,6,1449,Johnny Cueto,456501,2018-08-02,2018,32,1,2019-09-10,91.2094455852156,2217.740740740741,5.648459958932238,0.44684684684684683,0.5010266940451745,0.43873873873873875,6.0,1110.0,1.053546708811112,35.246358718268766,-0.02313244921940577,0.020689615393489125,-0.052634622199839554,0.17205546455021636,0.0
92.14231354642314,2347.544901065449,6.319330289193303,0.4821138211382114,0.4824961948249619,0.5341463414634147,6,1230,Daniel Gossett,605254,2018-08-01,2018,25,0,,,,,,,,,,,,,,,,
86.27138403990024,2138.9014348097317,7.02711970074813,0.5062906724511931,0.550498753117207,0.6958785249457701,5,2305,Brent Suter,608718,2018-07-31,2018,28,1,2019-09-02,86.4554565701559,2151.922374429224,7.277522935779817,0.5161870503597122,0.5879732739420935,0.8075539568345323,4.0,556.0,0.18407253025566206,13.02093961949231,0.00989637790851916,0.03747452082488656,0.11167543188876228,0.25040323503168693,-1.0
95.79382284382285,2583.285547785548,5.853146853146853,0.49188214070956104,0.5174825174825175,0.5159350571256764,5,1663,Garrett Richards,572070,2018-07-24,2018,30,1,2019-09-16,95.03550724637682,2619.0416666666665,6.091847826086957,0.49948927477017363,0.5507246376811594,0.5638406537282942,4.0,979.0,-0.7583155974460283,35.75611888111871,0.007607134060612586,0.03324212019864192,0.04790559660261773,0.23870097294010328,-1.0
89.12380952380953,2123.440476190476,6.516666666666667,0.47029702970297027,0.4880952380952381,0.4158415841584158,5,202,John Lamb,543424,2018-07-10,2018,27,0,,,,,,,,,,,,,,,,
94.41306413301663,2467.3586698337294,5.666270783847981,0.47763347763347763,0.4845605700712589,0.6075036075036075,4,693,Kevin Shackelford,594992,2018-06-08,2018,29,0,,,,,,,,,,,,,,,,
91.4459232613909,2181.4700239808153,5.924220623501198,0.4765166340508806,0.5059952038369304,0.4080234833659491,5,2044,Jordan Montgomery,656756,2018-06-07,2018,25,1,2019-09-15,92.51764705882353,2216.0804953560373,6.192260061919504,0.5021216407355021,0.5541795665634675,0.45685997171145687,5.0,707.0,1.0717237974326252,34.610471375222005,0.025605006684621512,0.04818436272653703,0.048836488345507745,0.268039438418306,0.0
95.87702479338844,2224.7024793388427,6.103966942148761,0.49327354260089684,0.547107438016529,0.5426008968609866,6,1115,Blake Wood,502028,2018-05-30,2018,32,0,,,,,,,,,,,,,,,,
96.79961587708067,2441.777208706786,6.24583866837388,0.509403107113655,0.5428937259923176,0.6385936222403925,3,1223,Keynan Middleton,641871,2018-05-22,2018,24,1,2019-08-28,95.83281249999999,2459.3193717277486,6.436458333333334,0.48502994011976047,0.5729166666666666,0.5748502994011976,3.0,334.0,-0.9668033770806801,17.542163020962562,-0.024373166993894524,0.030022940674349075,-0.06374332283919493,0.19061966495945448,0.0
93.70858468677493,2115.5150812064967,6.123027842227378,0.5067590987868285,0.5614849187935035,0.5975736568457539,5,2885,Taijuan Walker,592836,2018-04-25,2018,25,1,2019-09-29,93.14620535714286,2116.4183445190156,6.170982142857143,0.5083612040133779,0.5491071428571429,0.49944258639910816,7.0,897.0,-0.5623793296320656,0.9032633125189022,0.0016021052265494662,-0.01237777593636058,-0.09813107044664576,0.047954300629765356,2.0
94.7883399209486,2388.112648221344,5.91699604743083,0.4855112083105522,0.5019762845849802,0.5533078184800437,5,1829,Dinelson Lamet,659275,2018-04-20,2018,25,1,2019-07-04,96.01173848439822,2397.919762258544,5.790341753343239,0.4943181818181818,0.5720653789004457,0.5462662337662337,5.0,1232.0,1.2233985634496207,9.80711403719988,0.0088069735076296,0.0700890943154655,-0.007041584713810001,-0.126654294087591,0.0
95.23719412724307,2044.0595432300163,6.39168026101142,0.518768452129903,0.564437194127243,0.5170814002530578,6,2371,JC Ramirez,500724,2018-04-17,2018,29,1,2019-07-31,91.01929824561402,1949.7368421052631,6.192982456140352,0.5327102803738317,0.5789473684210527,0.5327102803738317,4.0,107.0,-4.2178958816290475,-94.32270112475317,0.013941828243928756,0.01451017429380963,0.015628880120773903,-0.1986978048710677,-2.0
94.57319587628866,2390.381443298969,6.341237113402062,0.4656084656084656,0.5257731958762887,0.5132275132275133,4,189,Ben Heller,621294,2018-04-06,2018,26,1,2019-09-12,93.28991596638657,2392.6134453781515,6.321008403361344,0.4085106382978723,0.5042016806722689,0.5063829787234042,4.0,235.0,-1.2832799099020917,2.232002079182621,-0.05709782731059326,-0.021571515204019787,-0.0068445345041090455,-0.020228710040718134,0.0
93.61881028938909,2276.233922829582,6.109485530546624,0.4636568848758465,0.4638263665594855,0.5616252821670429,5,2215,Rafael Montero,606160,2018-03-27,2018,27,1,2019-07-23,95.7739534883721,2259.7162790697676,5.945581395348836,0.4466230936819172,0.4697674418604651,0.4684095860566449,4.0,459.0,2.155143198983012,-16.51764375981429,-0.017033791193929282,0.0059410753009795925,-0.09321569611039798,-0.16390413519778768,-1.0
94.3759368836292,2313.7652859960554,5.581065088757398,0.49638802889576883,0.5226824457593688,0.5232198142414861,5,969,David Phelps,475479,2018-03-26,2018,31,1,2019-06-17,92.67472527472526,2299.578754578755,5.598534798534798,0.45553822152886114,0.47619047619047616,0.42589703588143524,6.0,641.0,-1.7012116089039324,-14.186531417300557,-0.04084980736690769,-0.04649196956889268,-0.09732277836005088,0.01746970977740059,1.0
93.05873320537428,2197.831094049904,4.916410748560461,0.5124041497519171,0.536468330134357,0.4700045105999098,6,2217,Jharel Cotton,605194,2018-03-21,2018,26,1,2021-07-30,92.95758122743682,2274.3447653429603,5.191696750902527,0.49700085689802914,0.5703971119133574,0.47472150814053127,5.0,1167.0,-0.10115197793746233,76.51367129305618,-0.015403292853887918,0.03392878177900038,0.004716997540621493,0.27528600234206646,-1.0
93.40350000000001,2612.41,6.4165,0.4520123839009288,0.52,0.6191950464396285,3,323,Nik Turley,543867,2018-01-01,2018,28,1,2020-07-25,94.18599033816427,2535.6376811594205,6.465700483091788,0.4745308310991957,0.5748792270531401,0.5549597855227882,2.0,373.0,0.7824903381642656,-76.77231884057937,0.0225184471982669,0.05487922705314008,-0.06423526091684029,0.04920048309178782,-1.0
90.15781637717123,2199.2506203473945,6.013399503722086,0.5292242295430393,0.5632754342431762,0.42826780021253985,5,941,Drew Storen,519322,2017-09-26,2017,29,0,,,,,,,,,,,,,,,,
92.45542168674697,2227.3072289156626,6.563855421686746,0.4792332268370607,0.4939759036144578,0.5303514376996805,4,313,Jesen Therrien,592279,2017-09-19,2017,24,0,,,,,,,,,,,,,,,,
98.48983739837398,2478.7327001356853,5.912075983717775,0.532,0.5636856368563685,0.738,5,1000,Trevor Rosenthal,572096,2017-08-30,2017,27,1,2019-03-30,98.01866666666668,2349.3433333333332,5.798,0.43779904306220097,0.41333333333333333,0.7177033492822966,4.0,418.0,-0.4711707317073035,-129.38936680235201,-0.09420095693779906,-0.1503523035230352,-0.02029665071770337,-0.11407598371777539,-1.0
92.02743801652893,2284.094370860927,6.2867549668874165,0.5116918844566712,0.547107438016529,0.8321870701513068,4,727,Grant Dayton,594795,2017-08-29,2017,29,1,2019-04-30,90.62058823529412,2264.029411764706,6.138235294117647,0.49019607843137253,0.5367647058823529,0.6666666666666666,4.0,204.0,-1.4068497812348113,-20.064959096221173,-0.021495806025298714,-0.010342732134176025,-0.16552040348464014,-0.14851967276976996,0.0
93.27837837837839,2275.055476529161,6.65647226173542,0.47507093635995135,0.5071123755334281,0.5699229833806242,4,2467,Edinson Volquez,450172,2017-08-04,2017,33,1,2019-03-30,93.39256756756757,2296.4324324324325,6.45945945945946,0.47249190938511326,0.5067567567567568,0.47896440129449835,4.0,309.0,0.11418918918917598,21.376955903271664,-0.0025790269748380834,-0.00035561877667134034,-0.09095858208612584,-0.1970128022759603,0.0
91.83376455368693,1987.881081081081,6.365135135135135,0.5006944444444444,0.49935316946959896,0.5368055555555555,4,1440,Joe Ross,605452,2017-07-19,2017,24,1,2018-09-13,93.84044502617802,2103.6985583224114,6.391361256544503,0.4390048154093098,0.4712041884816754,0.6131621187800963,5.0,1246.0,2.006680472491084,115.81747724133038,-0.06168962903513464,-0.028148980987923566,0.07635656322454076,0.026226121409368197,1.0
94.35837676842888,2071.3572496263077,6.397989575577066,0.4552212389380531,0.5450483991064781,0.4753982300884956,7,2825,Michael Pineda,501381,2017-07-18,2017,28,1,2019-03-31,92.52686567164179,1998.3897180762851,6.1638474295190715,0.4990842490842491,0.5903814262023217,0.5521978021978022,5.0,2184.0,-1.8315110967870964,-72.96753155002261,0.04386301014619598,0.04533302709584364,0.07679957210930666,-0.23414214605799444,-2.0
90.7251329787234,2213.7580645161293,5.284161073825504,0.5190839694656488,0.5797872340425532,0.5740458015267176,5,1310,Drew Smyly,592767,2017-07-06,2017,28,1,2019-04-01,91.19527559055118,2083.591535433071,5.453149606299212,0.4821596244131455,0.5659448818897638,0.47699530516431926,4.0,2130.0,0.4701426118277823,-130.16652908305832,-0.036924345052503305,-0.013842352152789394,-0.09705049636239832,0.16898853247370837,-1.0
90.74590163934427,2162.6393442622953,5.881967213114755,0.4888888888888889,0.5409836065573771,0.45185185185185184,3,135,Zach Putnam,474029,2017-06-23,2017,29,0,,,,,,,,,,,,,,,,
97.28614718614718,2412.917391304348,6.007826086956521,0.512396694214876,0.5714285714285714,0.6363636363636364,3,363,Jandel Gustave,594311,2017-06-21,2017,24,1,2019-08-01,96.106,2393.476,5.8288,0.5530085959885387,0.544,0.7163323782234957,3.0,349.0,-1.180147186147181,-19.44139130434769,0.040611901773662695,-0.027428571428571358,0.07996874185985936,-0.17902608695652056,0.0
93.47974683544304,2023.6936170212766,6.651271186440679,0.5165394402035624,0.5907172995780591,0.6030534351145038,6,393,Shawn Tolleson,474521,2017-05-17,2017,29,0,,,,,,,,,,,,,,,,
94.2763339070568,2312.8908926961226,6.948128342245989,0.5295684603090037,0.580895008605852,0.619072988811934,6,1877,Shelby Miller,571946,2017-05-10,2017,26,1,2018-06-25,94.32901234567902,2324.6382716049384,6.614691358024691,0.5142857142857142,0.5592592592592592,0.680672268907563,5.0,1190.0,0.05267843862222321,11.74737890881579,-0.015282746023289495,-0.021635749346592736,0.061599280095629094,-0.3334369842212981,-1.0
90.45590551181103,2135.6062992125985,5.708661417322833,0.3848797250859107,0.4881889763779528,0.436426116838488,5,291,Ryan O'Rourke,594951,2017-05-02,2017,29,1,2019-05-01,,,,,,,,,,,,,,,
96.72311827956989,2365.8296703296705,6.334054054054054,0.5269230769230769,0.5483870967741935,0.7153846153846154,5,260,Bo Schultz,544759,2017-03-29,2017,31,0,,,,,,,,,,,,,,,,
92.54359756097561,2277.1024844720496,6.148623853211009,0.4464555052790347,0.5213414634146342,0.4947209653092006,5,663,Will Smith,519293,2017-03-28,2017,27,1,2018-05-02,92.579443254818,2160.963597430407,5.962312633832975,0.5024679170779862,0.576017130620985,0.46100691016781836,5.0,1013.0,0.03584569384238989,-116.13888704164265,0.0560124117989515,0.054675667206350864,-0.03371405514138226,-0.18631121937803385,0.0
94.0321752265861,2453.4122807017543,5.863066202090592,0.5144186046511627,0.5362537764350453,0.6158139534883721,5,1075,Cody Anderson,594736,2017-03-27,2017,26,1,2019-04-13,94.40361445783132,2401.8313253012047,5.81566265060241,0.44559585492227977,0.5783132530120482,0.43005181347150256,4.0,193.0,0.37143923124521905,-51.580955400549556,-0.06882274972888297,0.04205947657700282,-0.18576214001686953,-0.047403551488182316,-1.0
94.41873840445268,2305.406072106262,6.934026465028356,0.5156069364161849,0.5714285714285714,0.623121387283237,6,865,Trevor May,543507,2017-03-22,2017,27,1,2018-07-31,94.88644536652835,2327.874135546335,6.866804979253112,0.4971240755957272,0.5117565698478561,0.5940838126540674,5.0,1217.0,0.46770696207566687,22.46806344007291,-0.018482860820457747,-0.059672001580715284,-0.02903757462916956,-0.067221485775244,-1.0
97.2383064516129,2288.065306122449,6.033877551020408,0.4866920152091255,0.5342741935483871,0.6286438529784537,7,789,Alex Reyes,621052,2017-02-16,2017,22,1,2018-05-30,95.7710843373494,2254.0,6.050602409638555,0.4305555555555556,0.5301204819277109,0.5763888888888888,5.0,144.0,-1.4672221142635067,-34.065306122448874,-0.05613645965356989,-0.004153711620676237,-0.05225496408956487,0.01672485861814632,-2.0
92.5998356614626,2059.9503891050585,6.449660523763337,0.4941118743866536,0.5324568611339359,0.5971540726202159,7,2038,Colin Rea,607067,2016-11-10,2016,25,1,2020-08-05,92.95039999999999,2237.089430894309,6.558399999999999,0.5726141078838174,0.6,0.5186721991701245,5.0,241.0,0.35056433853738156,177.1390417892503,0.07850223349716379,0.06754313886606411,-0.07848187345009139,0.10873947623666158,-2.0
93.53798882681562,2389.5195530726255,6.046368715083798,0.4889705882352941,0.5418994413407822,0.6580882352941176,3,272,J.B. Wendelken,605525,2016-10-12,2016,23,1,2018-07-20,94.57672811059909,2398.60599078341,5.928110599078342,0.526241134751773,0.6059907834101382,0.6156028368794326,5.0,705.0,1.038739283783471,9.086437710784594,0.03727054651647893,0.06409134206935607,-0.042485398414685016,-0.11825811600545588,2.0
90.17100977198697,1970.1047297297298,6.129411764705883,0.4678811121764142,0.5456026058631922,0.588686481303931,6,1043,Zach Duke,435043,2016-10-07,2016,33,1,2017-07-21,88.14776785714285,1890.7566964285713,6.018303571428571,0.47157190635451507,0.5736607142857143,0.49944258639910816,5.0,897.0,-2.023241914844121,-79.34803330115847,0.0036907941781008646,0.0280581084225221,-0.08924389490482282,-0.11110819327731214,-1.0
90.20859598853868,2142.7784256559767,5.9918367346938775,0.5087412587412588,0.5759312320916905,0.6101398601398601,5,572,Erik Johnson,605304,2016-10-06,2016,26,0,,,,,,,,,,,,,,,,
98.02607232968882,2276.4685615848407,5.927472527472528,0.5091049980627663,0.5576114381833474,0.4606741573033708,9,2581,Nathan Eovaldi,543135,2016-08-19,2016,26,1,2018-05-30,97.39,2154.4232323232322,6.0196969696969695,0.5338406087304766,0.5171717171717172,0.3964757709251101,5.0,2497.0,-0.6360723296888153,-122.04532926160846,0.02473561066771024,-0.04043972101163018,-0.0641983863782607,0.09222444222444182,-4.0
91.58116740088106,2220.344547563805,5.3600459242250285,0.4556889651229274,0.5297356828193832,0.51915380217267,6,1749,Nick Tropeano,607374,2016-08-16,2016,25,1,2018-04-12,90.30483005366726,2248.3720930232557,5.394633273703041,0.4402035623409669,0.5152057245080501,0.4741306191687871,5.0,1179.0,-1.276337347213797,28.02754545945072,-0.015485402781960478,-0.01452995831133308,-0.045023183003882916,0.034587349478012896,-1.0
87.61204819277108,1957.5826446280992,6.506995884773663,0.531062124248497,0.5622489959839357,0.49899799599198397,6,499,Sean Nolin,543594,2016-08-01,2016,26,1,2021-08-12,90.63862660944206,2087.4034334763946,6.620171673819742,0.49899799599198397,0.5236051502145923,0.46693386773547096,7.0,499.0,3.026578416670972,129.82078884829548,-0.032064128256513,-0.03864384576934343,-0.032064128256513,0.11317578904607917,1.0
91.81046296296296,2372.527027027027,5.920124481327801,0.4879906268306971,0.5601851851851852,0.632688927943761,3,1707,Andrew Heaney,571760,2016-07-01,2016,25,1,2017-08-18,91.71329856584094,2459.373533246415,5.799543676662321,0.4897182025894897,0.5488917861799217,0.5841584158415841,3.0,2626.0,-0.09716439712201463,86.84650621938772,0.001727575758792621,-0.011293399005263494,-0.04853051210217685,-0.12058080466548038,0.0
94.90145772594752,2339.962962962963,5.664110429447852,0.4015594541910331,0.48104956268221577,0.6686159844054581,4,513,Daniel Webb,543900,2016-06-10,2016,26,0,,,,,,,,,,,,,,,,
93.11682464454977,2197.111904761905,5.890476190476191,0.4674698795180723,0.5118483412322274,0.5084337349397591,6,830,Carson Smith,605476,2016-05-24,2016,26,1,2017-09-05,91.93596059113301,2251.3004926108374,5.853694581280789,0.4925373134328358,0.49261083743842365,0.5049751243781094,4.0,402.0,-1.1808640534167552,54.18858784893246,0.025067433914763515,-0.01923750379380379,-0.0034586105616496443,-0.036781609195402076,-2.0
89.89761904761903,2126.9741379310344,6.048068669527896,0.5034168564920274,0.5476190476190477,0.5740318906605922,4,439,Robbie Erlin,572362,2016-05-17,2016,25,1,2018-03-31,90.3297529538131,2232.250268528464,6.002363050483351,0.5166352793471437,0.564983888292159,0.5844318895166353,5.0,1593.0,0.43213390619406766,105.27613059742953,0.013218422855116319,0.01736484067311128,0.010399998856043036,-0.04570561904454529,1.0
93.55650263620387,2154.231822971549,6.144151738672287,0.5201612903225806,0.5439367311072056,0.5735887096774194,6,1984,Chris Bassitt,605135,2016-05-06,2016,27,1,2018-06-09,92.61645064805583,2164.6719840478563,6.143369890329013,0.5125951962507322,0.5722831505483549,0.5875805506736965,5.0,1707.0,-0.940051988148042,10.440161076307504,-0.007566094071848384,0.02834641944114924,0.01399184099627715,-0.0007818483432737722,-1.0
95.49632653061224,2301.4142259414225,5.878278688524591,0.44468546637744033,0.47346938775510206,0.5314533622559653,4,461,Branden Pinder,572038,2016-04-26,2016,27,0,,,,,,,,,,,,,,,,
91.33310344827586,2078.0879888268155,6.552228412256268,0.5229571984435798,0.5558620689655173,0.5642023346303502,6,1285,Felix Doubront,467094,2016-04-12,2016,28,0,,,,,,,,,,,,,,,,
93.08167202572346,1807.1418685121107,5.8209621993127145,0.49049429657794674,0.5369774919614148,0.591254752851711,5,526,Manny Parra,448159,2016-04-08,2016,33,0,,,,,,,,,,,,,,,,
97.73606557377052,2138.3231707317073,5.7660606060606066,0.5313531353135313,0.5519125683060109,0.6039603960396039,3,303,Jairo Diaz,545064,2016-03-18,2016,25,1,2017-06-26,97.16480000000001,2179.52,5.3608,0.48863636363636365,0.528,0.7102272727272727,4.0,176.0,-0.5712655737705035,41.19682926829273,-0.0427167716771677,-0.02391256830601085,0.10626687668766877,-0.4052606060606063,1.0
93.70764705882353,2152.4407294832827,6.775820895522388,0.551948051948052,0.5676470588235294,0.7359307359307359,4,462,Andrew McKirahan,605374,2016-03-10,2016,26,0,,,,,,,,,,,,,,,,
98.68850174216027,2328.2240663900416,8.299999999999999,0.49213483146067416,0.5818815331010453,0.6449438202247191,2,445,Carter Capps,605169,2016-03-08,2016,25,1,2017-08-07,92.7313559322034,2284.2457627118642,7.743220338983052,0.46596858638743455,0.5084745762711864,0.6178010471204188,3.0,191.0,-5.95714580995687,-43.978303678177326,-0.026166245073239613,-0.07340695682985887,-0.027142773104300244,-0.5567796610169466,1.0
92.37803088803088,2348.9757869249393,5.947914995990376,0.4375812743823147,0.4617760617760618,0.842002600780234,8,3076,Lance Lynn,458681,2015-11-10,2015,28,1,2017-04-06,91.86820132657043,2302.400468384075,5.8247756535310184,0.45024721878862795,0.4721030042918455,0.792027194066749,6.0,3236.0,-0.5098295614604496,-46.57531854086437,0.012665944406313245,0.0103269425157837,-0.04997540671348499,-0.12313934245935787,-2.0
94.17869822485207,2314.9149560117303,5.893002915451896,0.4731800766283525,0.5009861932938856,0.48563218390804597,5,1044,Greg Holland,518813,2015-10-02,2015,29,1,2017-04-03,93.4015228426396,2297.8477157360408,5.934010152284264,0.49777777777777776,0.5101522842639594,0.43777777777777777,3.0,900.0,-0.7771753822124765,-17.067240275689528,0.024597701149425277,0.009166090970073815,-0.0478544061302682,0.0410072368323684,-2.0
94.59103641456582,2041.0036101083033,6.040000000000001,0.47959183673469385,0.484593837535014,0.6071428571428571,4,588,Aaron Barrett,502578,2015-09-03,2015,27,1,2019-09-07,91.23442622950822,2017.049180327869,5.650819672131147,0.3595505617977528,0.29508196721311475,0.6853932584269663,5.0,89.0,-3.3566101850576047,-23.95442978043434,-0.12004127493694106,-0.18951187032189926,0.0782504012841092,-0.3891803278688535,1.0
88.22866191607284,2289.1375,5.982249999999999,0.44964028776978415,0.5027711797307997,0.5678956834532374,6,2224,Jason Vargas,450306,2015-08-05,2015,32,1,2016-09-17,85.83502080443829,2200.9251040221916,6.230235783633842,0.49698996655518396,0.544382801664355,0.4822742474916388,5.0,2990.0,-2.393641111634551,-88.21239597780823,0.04734967878539981,0.04161162193355539,-0.0856214359615986,0.24798578363384305,-1.0
94.34840579710146,2247.94262295082,6.577235772357724,0.4300847457627119,0.45507246376811594,0.7309322033898306,5,472,Nate Adcock,502264,2015-08-04,2015,27,0,,,,,,,,,,,,,,,,
91.81546391752578,2212.2083333333335,5.971354166666667,0.4801762114537445,0.5051546391752577,0.8546255506607929,3,227,Jack Leathersich,605333,2015-07-30,2015,24,1,2017-07-06,91.72643678160921,2309.609195402299,6.2701149425287355,0.4,0.4367816091954023,0.8285714285714286,3.0,105.0,-0.08902713591656664,97.40086206896558,-0.08017621145374448,-0.0683730299798554,-0.026054122089364307,0.2987607758620685,0.0
93.48121827411165,2286.283582089552,6.65851851851852,0.48984771573604063,0.5888324873096447,0.5,5,394,Sergio Santos,435045,2015-07-01,2015,31,0,,,,,,,,,,,,,,,,
90.77901861252114,,,0.5182625863770978,0.5194585448392555,0.5834155972359328,7,1013,Brandon Workman,519443,2015-06-15,2015,26,1,2017-05-04,92.21923076923078,1982.0192307692307,6.887820512820513,0.49589490968801314,0.5192307692307693,0.5123152709359606,3.0,609.0,1.4402121567096344,,-0.022367676689084626,-0.0002277756084861915,-0.0711003262999722,,-4.0
90.93074626865672,2078.955882352941,6.388235294117647,0.45970937912813736,0.517910447761194,0.4425363276089828,5,1514,Chase Whitley,595032,2015-05-19,2015,26,1,2016-09-11,90.20338600451466,2220.4672686230247,6.0898419864559825,0.4924924924924925,0.54627539503386,0.44344344344344344,6.0,999.0,-0.7273602641420638,141.51138627008368,0.03278311336435513,0.02836494727266603,0.0009071158344606256,-0.29839330766166405,1.0
92.24890738813737,,,0.41275312365359756,0.48595213319458896,0.4140456699698406,5,2321,Alex Cobb,502171,2015-05-14,2015,27,1,2016-09-02,91.46742581090406,2090.100968188105,5.594536652835409,0.47580645161290325,0.5003450655624568,0.5080645161290323,6.0,2852.0,-0.7814815772333077,,0.06305332795930568,0.014392932367867872,0.09401884615919165,,1.0
94.6862512363996,2030.9431818181818,6.30111111111111,0.4856486796785304,0.5548961424332344,0.5803673938002296,7,1742,Homer Bailey,456701,2015-05-08,2015,29,1,2016-07-31,93.67380136986301,2083.523316062176,6.5220890410958905,0.5,0.553082191780822,0.5488721804511278,6.0,1064.0,-1.0124498665365849,52.58013424399428,0.014351320321469574,-0.0018139506524124105,-0.03149521334910177,0.22097792998478027,-1.0
95.44547101449275,2195.103448275862,6.733898305084746,0.5065543071161048,0.49094202898550726,0.5168539325842697,8,1068,Adam Ottavino,493603,2015-05-07,2015,29,1,2016-07-05,94.21909547738694,2167.6862416107383,6.660570469798658,0.4705380017079419,0.5159128978224455,0.5098206660973527,5.0,1171.0,-1.2263755371058096,-27.417206665123558,-0.03601630540816292,0.024970868836938276,-0.007033266486917045,-0.07332783528608822,-3.0
93.67708206686929,2256.183673469388,6.116734693877553,0.5175043327556326,0.496048632218845,0.5701906412478336,7,2885,Brandon McCarthy,435221,2015-04-30,2015,31,1,2016-07-03,92.99144942648593,2233.8376963350784,6.039121338912134,0.49947145877378435,0.5213764337851929,0.5068710359408034,8.0,1892.0,-0.6856326403833606,-22.345977134309578,-0.01803287398184822,0.02532780156634795,-0.06331960530703018,-0.07761335496541921,1.0
92.25650406504064,2260.0,5.8,0.4309576837416481,0.45121951219512196,0.5478841870824054,7,898,Joe Nathan,150274,2015-04-29,2015,40,1,2016-07-24,91.76301369863013,2238.2571428571428,5.837142857142857,0.408,0.4246575342465753,0.584,5.0,125.0,-0.49349036641051214,-21.742857142857247,-0.02295768374164814,-0.026561977948546645,0.03611581291759458,0.037142857142857366,-2.0
92.41233480176211,,,0.41794871794871796,0.44052863436123346,0.5820512820512821,5,390,Lisalverto Bonilla,570810,2015-04-15,2015,25,1,2017-04-22,92.0776397515528,2066.577639751553,6.291304347826086,0.47699386503067487,0.5,0.4938650306748466,5.0,652.0,-0.33469505020931933,,0.059045147081956906,0.05947136563876654,-0.08818625137643549,,0.0
92.62071307300509,,,0.49613259668508286,0.5365025466893039,0.6508287292817679,6,905,Aaron Crow,543070,2015-04-08,2015,28,0,,,,,,,,,,,,,,,,
93.53669902912621,,,0.5103734439834025,0.5941747572815534,0.7123098201936376,4,723,Mario Hollands,571786,2015-04-08,2015,26,0,,,,,,,,,,,,,,,,
95.67558823529411,,,0.47382753403933436,0.5171568627450981,0.6172465960665658,7,3305,Zack Wheeler,554430,2015-03-25,2015,25,1,2017-04-07,94.62106360792492,2301.705943691345,7.032116788321168,0.5163566388710712,0.5495307612095933,0.6151379089159718,5.0,1559.0,-1.0545246273691902,,0.04252910483173683,0.03237389846449523,-0.0021086871505940907,,-2.0
92.96960784313724,,,0.4547677261613692,0.4852941176470588,0.49877750611246946,5,409,Josh Edgin,572831,2015-03-17,2015,28,1,2016-08-03,91.16136986301369,2151.758904109589,6.28958904109589,0.4677835051546392,0.5232876712328767,0.47036082474226804,5.0,776.0,-1.8082379801235504,,0.01301577899327,0.03799355358581785,-0.028416681370201424,,0.0
92.90442687747036,,,0.4954760878931495,0.5051383399209486,0.5450236966824644,11,2321,Yu Darvish,506433,2015-03-17,2015,28,1,2016-05-28,94.09606299212598,2446.748514851485,6.484832567301378,0.5155412647374062,0.5091863517060368,0.5444801714898178,10.0,2799.0,1.1916361146556227,,0.020065176844256738,0.004048011785088179,-0.0005435251926466655,,-1.0
92.49043209876544,,,0.49464285714285716,0.5493827160493827,0.5785714285714286,5,560,Tim Collins,525768,2015-03-11,2015,25,1,2018-05-21,92.39012875536481,2244.1931330472103,5.710300429184549,0.45227272727272727,0.51931330472103,0.5295454545454545,4.0,440.0,-0.10030334340062552,,-0.04237012987012989,-0.030069411328352724,-0.049025974025974084,,-1.0
93.33188585607941,,,0.5022461814914645,0.5521091811414393,0.7241689128481581,5,1113,Brandon Cumpton ,592238,2015-03-10,2015,26,1,2018-07-31,,,,,,,,,,,,,,,
95.5992,,,0.49184782608695654,0.56,0.6793478260869565,5,368,Shae Simmons,623406,2015-02-12,2015,24,1,2016-09-01,96.65238095238097,2297.016129032258,5.984126984126984,0.5686274509803921,0.6031746031746031,0.6176470588235294,4.0,102.0,1.0531809523809699,,0.0767796248934356,0.04317460317460309,-0.0617007672634271,,-1.0
